{"showLegend":true,"contextMenu":{"ZoomTo":true,"Transparency":true,"EnableOrDisablePopup":false,"MoveupOrMovedown":false,"OpenAttributeTable":false,"DescriptionOrShowItemDetailsOrDownload":false},"layerOptions":{"AC_PublicPlaces_937":{"display":true},"Toronto_Drop_In_Locations_6601":{"display":true},"HostelServices_HomelessShelters_2477":{"display":true},"LicensedChildcareServices_9021":{"display":true},"cityOperatedLongTermCareMTM3_3046":{"display":true},"PublicLibrary_7703":{"display":true},"rent_bank_centres_WGS84_3929":{"display":true},"supportiveHousingLocationsWGS84_4652":{"display":true},"Youth_Service_4218":{"display":true},"Toronto_Neighbourhood_Boundaries_3733":{"display":false},"Icons_3933":{"display":false},"Icons_6588":{"display":false},"Icons_2156":{"display":false},"Icons_5463":{"display":false},"Icons_7234":{"display":false},"Icons_3818":{"display":false},"Icons_3953":{"display":false},"Icons_9113":{"display":false},"Icons_1230":{"display":false}}}
