{"routeTaskUrl":"https://utility.arcgis.com/usrsvcs/servers/22a7a920a29c4c2a8a96fa8f5fce2cb4/rest/services/World/Route/NAServer/Route_World","travelModesUrl":"","trafficLayerUrl":"","routeOptions":{"directionsLanguage":"en-us","directionsLengthUnits":"esriKilometers","directionsOutputType":"standard","impedanceAttribute":""},"geocoderOptions":{"autoComplete":true,"maxLocations":6,"minCharacters":3,"searchDelay":350,"arcgisGeocoder":false,"geocoders":[{"url":"https://utility.arcgis.com/usrsvcs/servers/4d7ba28632544cce929e02ad808cbf61/rest/services/World/GeocodeServer","placeholder":"Find address or place"}]},"defaultLocations":["",""]}
